Jan;Lehman;73261668178
Aleksandra;Rutkowska;97122989986
Dobromił;Wójcik;31041652450
Pamela;Włodarczyk;24082224129
Roman;Brzeziński;72060986495
Karolina;Górska;59122976001
Roksana;Krajewska;59122976021
Eliza;Kaczmarczyk;78092051064
Kajetan;Górski;50100435845
Emanuel;Zalewski;17082093714
Luiza;Krawczyk;29092941389
Krystian;Brzeziński;86080916691
Janusz;Górecki;92091256410
Albert;Szymański;33082934444
Marysia;Lech;46021056475
Irena;Ostrowska;96082956829
Marta;Ostrowska	;49092941389
Marcin;Woźniak;21021796060
Viola;Karczewska;14241953090
Lucyn;Kubiak;19092941389
Julita;Zalewska;96101456783
Mateusz;Krajewska;26011226114
Marcel;Błaszczyk;14210713474
